cve_id,published,cvss3_score,description,predicted_prob,predicted_label,risk_tier,is_in_kev,kev_date_added,kev_vendor,kev_product,kev_ransomware,correct_vs_kev,current_epss_score,current_epss_pct,correct_vs_epss
CVE-2025-6935,2025-07-01T00:15:26.503,7.3,A vulnerability was found in Campcodes Sales and Inventory System 1.0 and classified as critical. Affected by this issue,0.014063,0,MINIMAL,0,,,,,1,0.000900,0.2557,1
CVE-2025-6936,2025-07-01T00:15:26.740,7.3,A vulnerability was found in code-projects Simple Pizza Ordering System 1.0. It has been classified as critical. This af,0.049221,0,MINIMAL,0,,,,,1,0.000900,0.2557,1
CVE-2025-2141,2025-07-01T01:15:27.603,6.1,"IBM System Storage Virtualization Engine TS7700 3957 VED R5.4 8.54.2.17, R6.0 8.60.0.115, 3948 VED R5.4 8.54.2.17, R6.0 ",0.017723,0,MINIMAL,0,,,,,1,0.000360,0.1082,1
CVE-2025-36056,2025-07-01T01:15:28.113,5.4,"IBM System Storage Virtualization Engine TS7700 3957 VED R5.4 8.54.2.17, R6.0 8.60.0.115, 3948 VED R5.4 8.54.2.17, R6.0 ",0.016995,0,MINIMAL,0,,,,,1,0.000360,0.1070,1
CVE-2025-53005,2025-07-01T01:15:28.430,9.8,"DataEase is an open source business intelligence and data visualization tool. Prior to version 2.10.11, there is a bypas",0.007346,0,MINIMAL,0,,,,,1,0.001600,0.3688,1
CVE-2025-6937,2025-07-01T01:15:28.577,7.3,A vulnerability was found in code-projects Simple Pizza Ordering System 1.0. It has been declared as critical. This vuln,0.051015,0,MINIMAL,0,,,,,1,0.000900,0.2557,1
CVE-2024-46992,2025-07-01T02:15:20.977,7.8,"Electron is an open source framework for writing cross-platform desktop applications using JavaScript, HTML and CSS. Fro",0.043968,0,MINIMAL,0,,,,,1,0.000160,0.0387,1
CVE-2025-53003,2025-07-01T02:15:22.413,,"The Janssen Project is an open-source identity and access management (IAM) platform. Prior to version 1.8.0, the Config ",0.045509,0,MINIMAL,0,,,,,1,0.001100,0.2949,1
CVE-2025-53095,2025-07-01T02:15:22.563,9.6,"Sunshine is a self-hosted game stream host for Moonlight. Prior to version 2025.628.4510, the web UI of Sunshine lacks p",0.034689,0,MINIMAL,0,,,,,1,0.000470,0.1465,1
CVE-2025-53096,2025-07-01T02:15:22.717,5.4,"Sunshine is a self-hosted game stream host for Moonlight. Prior to version 2025.628.4510, the web UI of Sunshine lacks p",0.019927,0,MINIMAL,0,,,,,1,0.000480,0.1498,1
CVE-2025-6938,2025-07-01T02:15:22.873,7.3,A vulnerability was found in code-projects Simple Pizza Ordering System 1.0. It has been rated as critical. This issue a,0.068227,0,MINIMAL,0,,,,,1,0.000900,0.2557,1
CVE-2024-46993,2025-07-01T03:15:21.020,,"Electron is an open source framework for writing cross-platform desktop applications using JavaScript, HTML and CSS. In ",0.079323,0,MINIMAL,0,,,,,1,0.000280,0.0786,1
CVE-2024-49364,2025-07-01T03:15:21.163,,"tiny-secp256k1 is a tiny secp256k1 native/JS wrapper. Prior to version 1.1.7, a private key can be extracted on signing ",0.019114,0,MINIMAL,0,,,,,1,0.000820,0.2409,1
CVE-2024-49365,2025-07-01T03:15:21.327,,"tiny-secp256k1 is a tiny secp256k1 native/JS wrapper. Prior to version 1.1.7, a malicious JSON-stringifyable message can",0.026237,0,MINIMAL,0,,,,,1,0.000530,0.1681,1
CVE-2025-6939,2025-07-01T03:15:21.483,8.8,A vulnerability classified as critical has been found in TOTOLINK A3002RU 3.0.0-B20230809.1615. Affected is an unknown f,0.017962,0,MINIMAL,0,,,,,1,0.002340,0.4629,1
CVE-2025-6940,2025-07-01T03:15:21.670,8.8,A vulnerability classified as critical was found in TOTOLINK A702R 4.0.0-B20230721.1521. Affected by this vulnerability ,0.015560,0,MINIMAL,0,,,,,1,0.003340,0.5629,1
CVE-2025-5967,2025-07-01T04:15:34.137,,A stored cross-site scripting vulnerability in ENS HX 10.0.4 allows a malicious user to inject arbitrary HTML into the E,0.037543,0,MINIMAL,0,,,,,1,0.000350,0.1036,1
CVE-2025-6081,2025-07-01T04:15:45.530,6.8,Insufficiently Protected Credentials in LDAP in Konica Minolta bizhub 227 Multifunction printers version GCQ-Y3 or earli,0.006149,0,MINIMAL,0,,,,,1,0.000570,0.1784,1
CVE-2025-6934,2025-07-01T07:15:27.340,9.8,"The Opal Estate Pro – Property Management and Submission plugin for WordPress, used by the FullHouse - Real Estate Respo",0.032798,0,MINIMAL,0,,,,,1,0.236110,0.9598,0
CVE-2025-41648,2025-07-01T08:15:23.280,9.8,An unauthenticated remote attacker can bypass the login to the web application of the affected devices making it possibl,0.006251,0,MINIMAL,0,,,,,1,0.001630,0.3728,1
CVE-2025-41656,2025-07-01T08:15:24.443,10.0,An unauthenticated remote attacker can run arbitrary commands on the affected devices with high privileges because the a,0.004360,0,MINIMAL,0,,,,,1,0.002510,0.4847,1
CVE-2025-5072,2025-07-01T09:15:23.430,5.4,Resource leak vulnerability in ASR180x、ASR190x in con_mgr allows Resource Leak Exposure.This issue affects Falcon_Linux、,0.029493,0,MINIMAL,0,,,,,1,0.000930,0.2610,1
CVE-2025-49489,2025-07-01T10:15:28.910,5.4,Improper Resource Shutdown or Release vulnerability in ASR Falcon_Linux、Kestrel、Lapwing_Linux on Linux (con_mgr   compon,0.016623,0,MINIMAL,0,,,,,1,0.000930,0.2610,1
CVE-2025-49490,2025-07-01T10:15:31.597,5.4,Resource leak vulnerability in ASR180x in router allows Resource Leak Exposure.  This vulnerability is associated with p,0.023281,0,MINIMAL,0,,,,,1,0.000930,0.2610,1
CVE-2025-6756,2025-07-01T10:15:32.520,6.4,The Ultra Addons for Contact Form 7 plugin for WordPress is vulnerable to Stored Cross-Site Scripting via the plugin's U,0.025275,0,MINIMAL,0,,,,,1,0.000510,0.1602,1
CVE-2025-49488,2025-07-01T11:15:20.790,5.4,Improper Resource Shutdown or Release vulnerability in ASR180x 、ASR190x in router   components   allows Resource Leak Ex,0.015766,0,MINIMAL,0,,,,,1,0.000930,0.2610,1
CVE-2025-49491,2025-07-01T11:15:21.520,5.4,Improper Resource Shutdown or Release vulnerability in ASR Falcon_Linux、Kestrel、Lapwing_Linux on Linux (traffic_stat mod,0.015049,0,MINIMAL,0,,,,,1,0.000930,0.2610,1
CVE-2025-49492,2025-07-01T11:15:21.647,7.4,"Out-of-bounds write in ASR180x  in lte-telephony, May cause a buffer underrun.  This vulnerability is associated with pr",0.040537,0,MINIMAL,0,,,,,1,0.001080,0.2918,1
CVE-2025-6224,2025-07-01T11:15:21.770,6.5,Certificate generation in juju/utils using the cert.NewLeaf function could include private information. If this certific,0.017787,0,MINIMAL,0,,,,,1,0.000350,0.1030,1
CVE-2025-49480,2025-07-01T12:15:22.923,7.4,"Out-of-bounds access in ASR180x 、ASR190x  in lte-telephony,  This vulnerability is associated with program files apps/lz",0.041829,0,MINIMAL,0,,,,,1,0.001080,0.2918,1
CVE-2025-49481,2025-07-01T12:15:23.577,5.4,Improper Resource Shutdown or Release vulnerability in ASR180x 、ASR190x in router modules allows Resource Leak Exposure.,0.018745,0,MINIMAL,0,,,,,1,0.000930,0.2610,1
CVE-2025-49482,2025-07-01T12:15:23.703,5.4,Improper Resource Shutdown or Release vulnerability in ASR180x 、ASR190x in tr069 modules allows Resource Leak Exposure. ,0.028840,0,MINIMAL,0,,,,,1,0.000930,0.2610,1
CVE-2025-49483,2025-07-01T12:15:23.827,5.4,Improper Resource Shutdown or Release vulnerability in ASR180x 、ASR190x in tr069 modules  allows Resource Leak Exposure.,0.027721,0,MINIMAL,0,,,,,1,0.000930,0.2610,1
CVE-2025-5314,2025-07-01T12:15:23.950,6.1,"The Dear Flipbook – PDF Flipbook, 3D Flipbook, PDF embed, PDF viewer plugin for WordPress is vulnerable to DOM-Based Ref",0.075296,0,MINIMAL,0,,,,,1,0.003370,0.5657,1
CVE-2025-6951,2025-07-01T12:15:24.123,4.3,A vulnerability classified as problematic was found in SAFECAM X300 up to 20250611. This vulnerability affects unknown c,0.016728,0,MINIMAL,0,,,,,1,0.000260,0.0716,1
CVE-2025-6952,2025-07-01T12:15:24.343,3.3,"A vulnerability, which was classified as problematic, has been found in Open5GS up to 2.7.5. This issue affects the func",0.032812,0,MINIMAL,0,,,,,1,0.000230,0.0618,1
CVE-2025-36582,2025-07-01T14:15:37.300,4.8,"Dell NetWorker, versions 19.12.0.1 and prior, contains a Selection of Less-Secure Algorithm During Negotiation ('Algorit",0.061990,0,MINIMAL,0,,,,,1,0.001380,0.3363,1
CVE-2025-37097,2025-07-01T14:15:38.537,7.5,A vulnerability in HPE Insight Remote Support (IRS) prior to v7.15.0.646 may allow an unauthenticated denial of service,0.046455,0,MINIMAL,0,,,,,1,0.001520,0.3597,1
CVE-2025-45872,2025-07-01T14:15:38.770,9.8,zrlog v3.1.5 was discovered to contain a Server-Side Request Forgery (SSRF) via the downloadUrl parameter.,0.013701,0,MINIMAL,0,,,,,1,0.001270,0.3210,1
CVE-2025-49029,2025-07-01T14:15:39.750,,Improper Control of Generation of Code ('Code Injection') vulnerability in bitto.kazi Custom Login And Signup Widget cus,0.019681,0,MINIMAL,0,,,,,1,0.004890,0.6552,1
CVE-2025-6920,2025-07-01T14:15:41.690,5.3,A flaw was found in the authentication enforcement mechanism of a model inference API in ai-inference-server. All /v1/* ,0.019135,0,MINIMAL,0,,,,,1,0.000560,0.1753,1
CVE-2025-6953,2025-07-01T14:15:43.353,8.8,"A vulnerability, which was classified as critical, was found in TOTOLINK A3002RU 3.0.0-B20230809.1615. Affected is an un",0.021153,0,MINIMAL,0,,,,,1,0.005950,0.6933,1
CVE-2025-6954,2025-07-01T14:15:43.580,7.3,A vulnerability has been found in Campcodes Employee Management System 1.0 and classified as critical. Affected by this ,0.025531,0,MINIMAL,0,,,,,1,0.000900,0.2557,1
CVE-2025-6955,2025-07-01T14:15:43.797,7.3,A vulnerability was found in Campcodes Employee Management System 1.0 and classified as critical. Affected by this issue,0.021456,0,MINIMAL,0,,,,,1,0.000900,0.2557,1
CVE-2025-6956,2025-07-01T14:15:44.000,7.3,A vulnerability was found in Campcodes Employee Management System 1.0. It has been classified as critical. This affects ,0.035086,0,MINIMAL,0,,,,,1,0.000900,0.2557,1
CVE-2025-34050,2025-07-01T15:15:22.933,,"A cross-site request forgery (CSRF) vulnerability exists in the web interface of AVTECH IP camera, DVR, and NVR devices.",0.035294,0,MINIMAL,0,,,,,1,0.000660,0.2056,1
CVE-2025-34051,2025-07-01T15:15:23.467,,A server-side request forgery vulnerability exists in multiple firmware versions of AVTECH DVR devices that exposes the ,0.025860,0,MINIMAL,0,,,,,1,0.001210,0.3127,1
CVE-2025-34052,2025-07-01T15:15:23.623,,"Rejected reason: An unauthenticated endpoint that exposes firmware version, MAC address, and supported codecs is not ind",0.020956,0,MINIMAL,0,,,,,1,,,
CVE-2025-34053,2025-07-01T15:15:23.760,,"An authentication bypass vulnerability exists in AVTECH IP camera, DVR, and NVR devices’ streamd web server. The strstr(",0.022413,0,MINIMAL,0,,,,,1,0.001220,0.3134,1
CVE-2025-34054,2025-07-01T15:15:23.910,,An unauthenticated command injection vulnerability exists in AVTECH DVR devices via Search.cgi?action=cgi_query. The use,0.035032,0,MINIMAL,0,,,,,1,0.005160,0.6667,1
CVE-2025-34055,2025-07-01T15:15:24.053,,"An OS command injection vulnerability exists in AVTECH DVR, NVR, and IP camera devices within the adcommand.cgi endpoint",0.023142,0,MINIMAL,0,,,,,1,0.005110,0.6646,1
CVE-2025-34056,2025-07-01T15:15:24.203,,"An OS command injection vulnerability exists in AVTECH IP camera, DVR, and NVR devices via the PwdGrp.cgi endpoint, whic",0.058567,0,MINIMAL,0,,,,,1,0.005850,0.6907,1
CVE-2025-34058,2025-07-01T15:15:24.340,,Hikvision Streaming Media Management Server v2.3.5 uses default credentials that allow remote attackers to authenticate ,0.046806,0,MINIMAL,0,,,,,1,0.014170,0.8057,1
CVE-2025-34059,2025-07-01T15:15:24.477,,An SQL injection vulnerability exists in the Dahua Smart Cloud Gateway Registration Management Platform via the username,0.039504,0,MINIMAL,0,,,,,1,0.003000,0.5328,1
CVE-2025-34060,2025-07-01T15:15:24.620,,A PHP objection injection vulnerability exists in the Monero Project’s Laravel-based forum software due to unsafe handli,0.068126,0,MINIMAL,0,,,,,1,0.007100,0.7223,1
CVE-2025-34062,2025-07-01T15:15:24.773,,An information disclosure vulnerability exists in OneLogin AD Connector versions prior to 6.1.5 via the /api/adc/v4/conf,0.066006,0,MINIMAL,0,,,,,1,0.000250,0.0677,1
CVE-2025-34063,2025-07-01T15:15:24.913,,A cryptographic authentication bypass vulnerability exists in OneLogin AD Connector prior to 6.1.5 due to the exposure o,0.041062,0,MINIMAL,0,,,,,1,0.001100,0.2948,1
CVE-2025-34064,2025-07-01T15:15:25.050,,A cloud infrastructure misconfiguration in OneLogin AD Connector results in log data being sent to a hardcoded S3 bucket,0.039935,0,MINIMAL,0,,,,,1,0.000920,0.2600,1
CVE-2025-34065,2025-07-01T15:15:25.187,,"An authentication bypass vulnerability exists in AVTECH IP camera, DVR, and NVR devices’ streamd web server. The strstr(",0.020305,0,MINIMAL,0,,,,,1,0.001220,0.3134,1
CVE-2025-34066,2025-07-01T15:15:25.327,,"An improper certificate validation vulnerability exists in AVTECH IP cameras, DVRs, and NVRs due to the use of wget with",0.025541,0,MINIMAL,0,,,,,1,0.000720,0.2191,1
CVE-2025-37098,2025-07-01T15:15:25.643,7.5,A path traversal vulnerability exists in HPE Insight Remote Support (IRS) prior to v7.15.0.646.,0.056786,0,MINIMAL,0,,,,,1,0.002020,0.4239,1
CVE-2025-50404,2025-07-01T15:15:26.043,5.3,Intelbras RX1500 Router v2.2.17 and before is vulnerable to Integer Overflow. The websReadEvent function incorrectly use,0.039436,0,MINIMAL,0,,,,,1,0.001430,0.3468,1
CVE-2025-50405,2025-07-01T15:15:26.167,6.5,Intelbras RX1500 Router v2.2.17 and before is vulnerable to Incorrect Access Control in the FirmwareUpload function and ,0.033649,0,MINIMAL,0,,,,,1,0.000910,0.2575,1
CVE-2025-53099,2025-07-01T15:15:26.277,7.5,"Sentry is a developer-first error tracking and performance monitoring tool. Prior to version 25.5.0, an attacker with a ",0.034514,0,MINIMAL,0,,,,,1,0.001270,0.3208,1
CVE-2025-6957,2025-07-01T15:15:26.710,7.3,A vulnerability was found in Campcodes Employee Management System 1.0. It has been declared as critical. This vulnerabil,0.027918,0,MINIMAL,0,,,,,1,0.000900,0.2557,1
CVE-2025-6958,2025-07-01T15:15:26.893,7.3,A vulnerability was found in Campcodes Employee Management System 1.0. It has been rated as critical. This issue affects,0.034913,0,MINIMAL,0,,,,,1,0.000900,0.2557,1
CVE-2025-6959,2025-07-01T15:15:27.083,7.3,A vulnerability classified as critical has been found in Campcodes Employee Management System 1.0. Affected is an unknow,0.025607,0,MINIMAL,0,,,,,1,0.000900,0.2557,1
CVE-2025-6960,2025-07-01T15:15:27.260,7.3,A vulnerability classified as critical was found in Campcodes Employee Management System 1.0. Affected by this vulnerabi,0.018278,0,MINIMAL,0,,,,,1,0.000900,0.2557,1
CVE-2025-50641,2025-07-01T16:15:23.453,6.5,Tenda AC6 15.03.05.16_multi is vulnerable to Buffer Overflow in the addWifiMacFilter function via the parameter deviceId,0.019431,0,MINIMAL,0,,,,,1,0.000810,0.2402,1
CVE-2025-6961,2025-07-01T16:15:23.970,7.3,"A vulnerability, which was classified as critical, has been found in Campcodes Employee Management System 1.0. Affected ",0.035383,0,MINIMAL,0,,,,,1,0.000900,0.2557,1
CVE-2025-6962,2025-07-01T16:15:24.187,7.3,"A vulnerability, which was classified as critical, was found in Campcodes Employee Management System 1.0. This affects a",0.032651,0,MINIMAL,0,,,,,1,0.000900,0.2557,1
CVE-2025-6963,2025-07-01T16:15:24.377,7.3,A vulnerability has been found in Campcodes Employee Management System 1.0 and classified as critical. This vulnerabilit,0.024294,0,MINIMAL,0,,,,,1,0.000900,0.2557,1
CVE-2025-6297,2025-07-01T17:15:30.177,8.2,It was discovered that dpkg-deb does not properly sanitize directory permissions when extracting a control member into a,0.047210,0,MINIMAL,0,,,,,1,0.000780,0.2337,1
CVE-2025-34080,2025-07-01T18:15:24.487,6.1,"The Contec Co.,Ltd. CONPROSYS HMI System (CHS) is vulnerable to Cross-Site Scripting (XSS) in the getqsetting.php functi",0.026647,0,MINIMAL,0,,,,,1,0.000760,0.2279,1
CVE-2025-34081,2025-07-01T18:15:24.627,7.5,"The Contec Co.,Ltd. CONPROSYS HMI System (CHS) exposes a PHP phpinfo() debug page to unauthenticated users that may cont",0.015620,0,MINIMAL,0,,,,,1,0.001630,0.3728,1
CVE-2025-37099,2025-07-01T18:15:24.763,9.8,A remote code execution vulnerability exists in HPE Insight Remote Support (IRS) prior to v7.15.0.646.,0.042995,0,MINIMAL,0,,,,,1,0.004700,0.6461,1
CVE-2025-45080,2025-07-01T18:15:24.920,,Rejected reason: DO NOT USE THIS CANDIDATE NUMBER. ConsultIDs: none. Reason: This candidate was withdrawn by its CNA. Fu,0.057181,0,MINIMAL,0,,,,,1,,,
CVE-2025-45081,2025-07-01T18:15:25.040,8.8,Misconfigured settings in IITB SSO v1.1.0 allow attackers to access sensitive application data.,0.011408,0,MINIMAL,0,,,,,1,0.000600,0.1897,1
CVE-2025-45083,2025-07-01T18:15:25.160,6.1,Incorrect access control in Ullu (Android version v2.9.929 and IOS version v2.8.0) allows attackers to bypass parental p,0.047918,0,MINIMAL,0,,,,,1,0.000200,0.0540,1
CVE-2025-52294,2025-07-01T18:15:25.583,5.7,Insufficient validation of the screen lock mechanism in Trust Wallet v8.45 allows physically proximate attackers to bypa,0.006520,0,MINIMAL,0,,,,,1,0.000370,0.1107,1
CVE-2025-53100,2025-07-01T18:15:25.703,,"RestDB's Codehooks.io MCP Server is an MCP server on the Codehooks.io platform. Prior to version 0.2.2, the MCP server i",0.040826,0,MINIMAL,0,,,,,1,0.005770,0.6882,1
CVE-2025-53103,2025-07-01T18:15:25.837,5.8,"JUnit is a testing framework for Java and the JVM. From version 5.12.0 to 5.13.1, JUnit's support for writing Open Test ",0.009238,0,MINIMAL,0,,,,,1,0.000130,0.0227,1
CVE-2025-53107,2025-07-01T18:15:25.990,7.5,"@cyanheads/git-mcp-server is an MCP server designed to interact with Git repositories. Prior to version 2.1.5, there is ",0.078187,0,MINIMAL,0,,,,,1,0.000720,0.2203,1
CVE-2025-27153,2025-07-01T19:15:25.970,6.5,"Escalade GLPI plugin is a ticket escalation process helper for GLPI. Prior to version 2.9.11, there is an improper acces",0.021458,0,MINIMAL,0,,,,,1,0.000550,0.1746,1
CVE-2025-46259,2025-07-01T19:15:27.197,5.4,Missing Authorization vulnerability in POSIMYTH Innovation The Plus Addons for Elementor Pro allows Exploiting Incorrect,0.014448,0,MINIMAL,0,,,,,1,0.000710,0.2179,1
CVE-2025-48379,2025-07-01T19:15:27.353,7.1,"Pillow is a Python imaging library. In versions 11.2.0 to before 11.3.0, there is a heap buffer overflow when writing a ",0.025040,0,MINIMAL,0,,,,,1,0.000380,0.1155,1
CVE-2025-53104,2025-07-01T19:15:27.800,9.1,gluestack-ui is a library of copy-pasteable components & patterns crafted with Tailwind CSS (NativeWind). Prior to commi,0.099428,0,MINIMAL,0,,,,,1,0.003000,0.5331,1
CVE-2025-6600,2025-07-01T19:15:28.003,4.3,An exposure of sensitive information vulnerability was identified in GitHub Enterprise Server that could allow an attack,0.012105,0,MINIMAL,0,,,,,1,0.000420,0.1271,1
CVE-2025-45006,2025-07-01T20:15:24.993,9.1,Improper mstatus.SUM bit retention (non-zero) in Open-Source RISC-V Processor commit f517abb violates privileged spec co,0.023084,0,MINIMAL,0,,,,,1,0.000560,0.1770,1
CVE-2025-52101,2025-07-01T21:15:25.533,9.8,"linjiashop <=0.9 is vulnerable to Incorrect Access Control. When using the default-generated JWT authentication, attacke",0.010380,0,MINIMAL,0,,,,,1,0.000960,0.2669,1
CVE-2025-49741,2025-07-01T23:15:30.587,7.4,No cwe for this issue in Microsoft Edge (Chromium-based) allows an unauthorized attacker to disclose information over a ,0.033023,0,MINIMAL,0,,,,,1,0.051480,0.8988,1
CVE-2025-36630,2025-07-02T00:15:22.543,8.4,"In Tenable Nessus versions prior to 10.8.5 on a Windows host, it was found that a non-administrative user could overwrit",0.009290,0,MINIMAL,0,,,,,1,0.000230,0.0629,1
CVE-2025-5692,2025-07-02T03:15:23.680,6.3,The Lead Form Data Collection to CRM plugin for WordPress is vulnerable to unauthorized access due to a missing capabili,0.044551,0,MINIMAL,0,,,,,1,0.000670,0.2065,1
CVE-2024-11405,2025-07-02T04:15:40.947,6.1,The WP Front-end login and register plugin for WordPress is vulnerable to Reflected Cross-Site Scripting via the email a,0.064308,0,MINIMAL,0,,,,,1,0.002170,0.4434,1
CVE-2025-3848,2025-07-02T04:15:52.193,,Rejected reason: ** REJECT ** DO NOT USE THIS CANDIDATE NUMBER. ConsultIDs: CVE-2025-25171. Reason: This candidate is a ,0.073831,0,MINIMAL,0,,,,,1,,,
CVE-2025-4380,2025-07-02T04:15:52.710,8.1,The Ads Pro Plugin - Multi-Purpose WordPress Advertising Manager plugin for WordPress is vulnerable to Local File Inclus,0.028835,0,MINIMAL,0,,,,,1,0.165130,0.9490,0
CVE-2025-4381,2025-07-02T04:15:53.837,7.5,The Ads Pro Plugin - Multi-Purpose WordPress Advertising Manager plugin for WordPress is vulnerable to SQL Injection via,0.027749,0,MINIMAL,0,,,,,1,0.001490,0.3543,1
CVE-2025-4654,2025-07-02T04:15:54.673,3.7,The Soumettre.fr plugin for WordPress is vulnerable to unauthorized access and modification of data due to a improper au,0.016832,0,MINIMAL,0,,,,,1,0.001190,0.3093,1
CVE-2025-4689,2025-07-02T04:15:55.587,9.8,The Ads Pro Plugin - Multi-Purpose WordPress Advertising Manager plugin for WordPress is vulnerable to Local File Inclus,0.026197,0,MINIMAL,0,,,,,1,0.005930,0.6929,1
CVE-2025-52925,2025-07-02T04:15:55.760,5.0,"In One Identity OneLogin Active Directory Connector before 6.1.5, encryption of the DirectoryToken was mishandled, aka S",0.031661,0,MINIMAL,0,,,,,1,0.000450,0.1374,1
CVE-2025-5014,2025-07-02T04:15:56.833,8.8,The Home Villas | Real Estate WordPress Theme theme for WordPress is vulnerable to arbitrary file deletion due to insuff,0.028203,0,MINIMAL,0,,,,,1,0.012720,0.7953,1
CVE-2025-5339,2025-07-02T04:15:57.677,7.5,The Ads Pro Plugin - Multi-Purpose WordPress Advertising Manager plugin for WordPress is vulnerable to time-based SQL In,0.024428,0,MINIMAL,0,,,,,1,0.001490,0.3543,1
CVE-2025-5746,2025-07-02T04:15:58.013,9.8,The Drag and Drop Multiple File Upload (Pro) - WooCommerce plugin for WordPress is vulnerable to arbitrary file uploads ,0.039452,0,MINIMAL,0,,,,,1,0.010510,0.7754,1
CVE-2025-5817,2025-07-02T04:15:58.783,7.2,The Amazon Products to WooCommerce plugin for WordPress is vulnerable to Server-Side Request Forgery in all versions up ,0.014397,0,MINIMAL,0,,,,,1,0.002430,0.4757,1
CVE-2025-6437,2025-07-02T04:15:58.987,7.5,The Ads Pro Plugin - Multi-Purpose WordPress Advertising Manager plugin for WordPress is vulnerable to SQL Injection via,0.011742,0,MINIMAL,0,,,,,1,0.001490,0.3543,1
CVE-2025-6459,2025-07-02T04:15:59.413,8.8,The Ads Pro Plugin - Multi-Purpose WordPress Advertising Manager plugin for WordPress is vulnerable to Cross-Site Reques,0.020307,0,MINIMAL,0,,,,,1,0.000310,0.0895,1
CVE-2025-6686,2025-07-02T04:16:00.243,6.4,The Magic Buttons for Elementor plugin for WordPress is vulnerable to Stored Cross-Site Scripting via the plugin's magic,0.036178,0,MINIMAL,0,,,,,1,0.000400,0.1213,1
CVE-2025-6687,2025-07-02T04:16:01.167,6.4,The Magic Buttons for Elementor plugin for WordPress is vulnerable to Stored Cross-Site Scripting via the plugin's magic,0.032453,0,MINIMAL,0,,,,,1,0.000510,0.1602,1
CVE-2025-52462,2025-07-02T05:15:25.943,6.1,Cross-site scripting vulnerability exists in Active! mail 6 BuildInfo: 6.30.01004145 to 6.60.06008562. If this vulnerabi,0.083467,0,MINIMAL,0,,,,,1,0.000450,0.1399,1
CVE-2025-52463,2025-07-02T05:15:27.547,3.1,Cross-site request forgery vulnerability exists in Active! mail 6 BuildInfo: 6.60.06008562 and earlier. If this vulnerab,0.065413,0,MINIMAL,0,,,,,1,0.000280,0.0785,1
CVE-2025-6463,2025-07-02T05:15:27.737,8.8,"The Forminator Forms – Contact Form, Payment Form & Custom Form Builder plugin for WordPress is vulnerable to arbitrary ",0.031628,0,MINIMAL,0,,,,,1,0.005750,0.6878,1
CVE-2024-13451,2025-07-02T06:15:22.630,5.3,"The Contact Form by Bit Form: Multi Step Form, Calculation Contact Form, Payment Contact Form & Custom Contact Form buil",0.053422,0,MINIMAL,0,,,,,1,0.001460,0.3501,1
CVE-2025-6464,2025-07-02T06:15:23.520,7.5,"The Forminator Forms – Contact Form, Payment Form & Custom Form Builder plugin for WordPress is vulnerable to PHP Object",0.096490,0,MINIMAL,0,,,,,1,0.012310,0.7916,1
CVE-2024-13786,2025-07-02T07:15:22.857,9.8,"The education theme for WordPress is vulnerable to PHP Object Injection in all versions up to, and including, 3.6.10 via",0.040308,0,MINIMAL,0,,,,,1,0.014650,0.8089,1
CVE-2025-6017,2025-07-02T07:15:23.293,5.5,"A flaw was found in Red Hat Advanced Cluster Management through versions 2.10, before 2.10.7, 2.11, before 2.11.4, and 2",0.034270,0,MINIMAL,0,,,,,1,0.000270,0.0749,1
CVE-2025-24328,2025-07-02T08:15:21.477,4.2,"Sending a crafted SOAP ""set"" operation message within the Mobile Network Operator (MNO) internal Radio Access Network (R",0.036713,0,MINIMAL,0,,,,,1,0.000260,0.0739,1
CVE-2025-24329,2025-07-02T09:15:24.390,6.4,"Sending a crafted SOAP ""provision"" operation message archive field within the Mobile Network Operator (MNO) internal Rad",0.036861,0,MINIMAL,0,,,,,1,0.000380,0.1155,1
CVE-2025-24330,2025-07-02T09:15:24.500,6.4,"Sending a crafted SOAP ""provision"" operation message PlanId field within the Mobile Network Operator (MNO) internal Radi",0.033756,0,MINIMAL,0,,,,,1,0.000380,0.1155,1
CVE-2025-24331,2025-07-02T09:15:24.597,6.4,"The Single RAN baseband OAM service is intended to run as an unprivileged service. However, it initially starts with roo",0.024458,0,MINIMAL,0,,,,,1,0.000200,0.0546,1
CVE-2025-24332,2025-07-02T09:15:24.703,7.1,Nokia Single RAN AirScale baseband allows an authenticated administrative user access to all physical boards after perfo,0.029832,0,MINIMAL,0,,,,,1,0.000270,0.0765,1
CVE-2025-24333,2025-07-02T09:15:24.800,6.4,"Nokia Single RAN baseband software earlier than 24R1-SR 1.0 MP contains administrative shell input validation fault, whi",0.022622,0,MINIMAL,0,,,,,1,0.000290,0.0843,1
CVE-2025-24334,2025-07-02T09:15:24.910,3.3,The Nokia Single RAN baseband software earlier than 23R2-SR 1.0 MP can be made to reveal the exact software release vers,0.014574,0,MINIMAL,0,,,,,1,0.000280,0.0786,1
CVE-2025-24335,2025-07-02T09:15:25.010,2.0,"Nokia Single RAN baseband software versions earlier than 24R1-SR 2.1 MP contain a SOAP message input validation flaw, wh",0.019749,0,MINIMAL,0,,,,,1,0.000330,0.0976,1
CVE-2025-27021,2025-07-02T09:15:25.117,7.0,The misconfiguration in the sudoers configuration of the operating system in  Infinera G42 version R6.1.3 allows low pri,0.022306,0,MINIMAL,0,,,,,1,0.000190,0.0493,1
CVE-2025-27022,2025-07-02T09:15:25.290,7.5,A path traversal vulnerability of the WebGUI HTTP endpoint in Infinera G42 version R6.1.3  allows remote authenticated u,0.019540,0,MINIMAL,0,,,,,1,0.000800,0.2365,1
CVE-2025-27023,2025-07-02T10:15:22.540,6.5,Lack or insufficent input validation in WebGUI CLI web in Infinera G42  version R6.1.3 allows remote authenticated users,0.028748,0,MINIMAL,0,,,,,1,0.002810,0.5152,1
CVE-2025-27024,2025-07-02T10:15:22.730,6.5,Unrestricted access to OS file system in SFTP service in Infinera G42  version R6.1.3 allows remote authenticated users ,0.021017,0,MINIMAL,0,,,,,1,0.000840,0.2458,1
CVE-2025-27025,2025-07-02T10:15:22.880,8.8,The target device exposes a service on a specific TCP port with a configured  endpoint. The access to that endpoint is g,0.022641,0,MINIMAL,0,,,,,1,0.004860,0.6542,1
CVE-2025-2330,2025-07-02T10:15:23.033,6.4,The All-in-One Addons for Elementor – WidgetKit plugin for WordPress is vulnerable to Stored Cross-Site Scripting via th,0.038131,0,MINIMAL,0,,,,,1,0.000510,0.1602,1
CVE-2025-4946,2025-07-02T10:15:23.227,8.1,The Vikinger theme for WordPress is vulnerable to arbitrary file deletion due to insufficient file path validation in th,0.032639,0,MINIMAL,0,,,,,1,0.021880,0.8437,1
CVE-2025-39362,2025-07-02T11:15:24.270,,Missing Authorization vulnerability in Mollie Mollie Payments for WooCommerce mollie-payments-for-woocommerce.This issue,0.009565,0,MINIMAL,0,,,,,1,0.000340,0.0993,1
CVE-2024-35164,2025-07-02T12:15:27.770,6.8,The terminal emulator of Apache Guacamole 1.5.5 and older does not properly validate console codes received from servers,0.018133,0,MINIMAL,0,,,,,1,0.000530,0.1679,1
CVE-2025-46647,2025-07-02T12:15:28.227,5.3,A vulnerability of plugin openid-connect in Apache APISIX.  This vulnerability will only have an impact if all of the fo,0.095878,0,MINIMAL,0,,,,,1,0.001070,0.2901,1
CVE-2025-27026,2025-07-02T14:15:23.900,4.9,A missing double-check feature in the WebGUI for CLI deactivation in Infinera G42  version R6.1.3 allows an authenticate,0.019134,0,MINIMAL,0,,,,,1,0.000680,0.2102,1
CVE-2025-34057,2025-07-02T14:15:24.090,,"An information disclosure vulnerability exists in Ruijie NBR series routers (known to affect NBR2000G, NBR1300G, and NBR",0.016782,0,MINIMAL,0,,,,,1,0.005460,0.6786,1
CVE-2025-34067,2025-07-02T14:15:24.250,,An unauthenticated remote command execution vulnerability exists in the applyCT component of the Hikvision Integrated Se,0.070212,0,MINIMAL,0,,,,,1,0.033510,0.8732,1
CVE-2025-34069,2025-07-02T14:15:24.390,9.8,An authentication bypass vulnerability exists in GFI Kerio Control 9.4.5 due to insecure default proxy configuration and,0.008583,0,MINIMAL,0,,,,,1,0.008370,0.7466,1
CVE-2025-34070,2025-07-02T14:15:24.527,9.8,A missing authentication vulnerability in the GFIAgent component of GFI Kerio Control 9.4.5 allows unauthenticated remot,0.007087,0,MINIMAL,0,,,,,1,0.009440,0.7630,1
CVE-2025-34071,2025-07-02T14:15:24.667,9.8,A remote code execution vulnerability in GFI Kerio Control 9.4.5 allows attackers with administrative access to upload a,0.019312,0,MINIMAL,0,,,,,1,0.011860,0.7880,1
CVE-2025-34072,2025-07-02T14:15:24.817,,A data exfiltration vulnerability exists in Anthropic’s deprecated Slack Model Context Protocol (MCP) Server via automat,0.076168,0,MINIMAL,0,,,,,1,0.001290,0.3230,1
CVE-2025-34073,2025-07-02T14:15:24.967,,An unauthenticated command injection vulnerability exists in stamparm/maltrail (Maltrail) versions <=0.54. A remote atta,0.120142,0,MINIMAL,0,,,,,1,0.553240,0.9807,0
CVE-2025-45029,2025-07-02T14:15:25.470,6.5,WINSTAR WN572HP3 v230525 was discovered to contain a heap overflow via the CONTENT_LENGTH variable at /cgi-bin/upload.cg,0.023749,0,MINIMAL,0,,,,,1,0.000650,0.2036,1
CVE-2025-49588,2025-07-02T14:15:25.590,,"Linkwarden is a self-hosted, open-source collaborative bookmark manager to collect, organize and archive webpages. In ve",0.031627,0,MINIMAL,0,,,,,1,0.000980,0.2700,1
CVE-2025-53106,2025-07-02T14:15:26.273,8.8,Graylog is a free and open log management platform. In versions 6.2.0 to before 6.2.4 and 6.3.0-alpha.1 to before 6.3.0-,0.043587,0,MINIMAL,0,,,,,1,0.000890,0.2543,1
CVE-2025-38091,2025-07-02T15:15:26.070,7.8,"In the Linux kernel, the following vulnerability has been resolved:  drm/amd/display: check stream id dml21 wrapper to g",0.026740,0,MINIMAL,0,,,,,1,0.000190,0.0520,1
CVE-2025-38092,2025-07-02T15:15:26.197,5.5,"In the Linux kernel, the following vulnerability has been resolved:  ksmbd: use list_first_entry_or_null for opinfo_get_",0.037623,0,MINIMAL,0,,,,,1,0.000240,0.0658,1
CVE-2025-38093,2025-07-02T15:15:26.317,5.5,"In the Linux kernel, the following vulnerability has been resolved:  arm64: dts: qcom: x1e80100: Add GPU cooling  Unlike",0.008688,0,MINIMAL,0,,,,,1,0.000240,0.0658,1
CVE-2025-52891,2025-07-02T15:15:27.177,6.5,"ModSecurity is an open source, cross platform web application firewall (WAF) engine for Apache, IIS and Nginx. In versio",0.054484,0,MINIMAL,0,,,,,1,0.000780,0.2334,1
CVE-2025-53006,2025-07-02T15:15:27.343,9.8,"DataEase is an open source business intelligence and data visualization tool. Prior to version 2.10.11, in both PostgreS",0.010258,0,MINIMAL,0,,,,,1,0.001230,0.3154,1
CVE-2025-53108,2025-07-02T15:15:27.520,,"HomeBox is a home inventory and organization system. Prior to 0.20.1, HomeBox contains a missing authorization check in ",0.025880,0,MINIMAL,0,,,,,1,0.000770,0.2304,1
CVE-2025-53109,2025-07-02T15:15:27.670,,Model Context Protocol Servers is a collection of reference implementations for the model context protocol (MCP). Versio,0.034990,0,MINIMAL,0,,,,,1,0.001280,0.3228,1
CVE-2025-53110,2025-07-02T15:15:27.843,,Model Context Protocol Servers is a collection of reference implementations for the model context protocol (MCP). Versio,0.028520,0,MINIMAL,0,,,,,1,0.000790,0.2356,1
CVE-2025-53492,2025-07-02T15:15:27.993,3.7,Improper Neutralization of Input During Web Page Generation (XSS or 'Cross-site Scripting') vulnerability in Wikimedia F,0.018315,0,MINIMAL,0,,,,,1,0.000730,0.2225,1
CVE-2025-53493,2025-07-02T15:15:28.120,6.5,Improper Neutralization of Input During Web Page Generation (XSS or 'Cross-site Scripting') vulnerability in Wikimedia F,0.026471,0,MINIMAL,0,,,,,1,0.001350,0.3325,1
CVE-2025-53494,2025-07-02T15:15:28.293,6.5,Improper Neutralization of Input During Web Page Generation (XSS or 'Cross-site Scripting') vulnerability in Wikimedia F,0.034945,0,MINIMAL,0,,,,,1,0.001210,0.3127,1
CVE-2025-6725,2025-07-02T15:15:28.523,5.4,"In the PdfViewer component, a Cross-Site Scripting (XSS) vulnerability is possible if a specially-crafted document has a",0.034123,0,MINIMAL,0,,,,,1,0.000760,0.2287,1
CVE-2025-20308,2025-07-02T16:15:27.420,6.0,"A vulnerability in Cisco Spaces Connector could allow an authenticated, local attacker to elevate privileges and execute",0.011203,0,MINIMAL,0,,,,,1,0.000260,0.0733,1
CVE-2025-20310,2025-07-02T16:15:28.667,6.1,"A vulnerability in the web UI of Cisco Enterprise Chat and Email (ECE) could allow an unauthenticated, remote attacker t",0.032263,0,MINIMAL,0,,,,,1,0.000470,0.1470,1
CVE-2025-52886,2025-07-02T16:15:28.933,5.9,Poppler is a PDF rendering library. Versions prior to 25.06.0 use `std::atomic_int` for reference counting. Because `std,0.046347,0,MINIMAL,0,,,,,1,0.000910,0.2566,1
CVE-2025-53358,2025-07-02T16:15:29.280,6.5,"kotaemon is an open-source RAG-based tool for document comprehension. From versions 0.10.6 and prior, in libs/ktem/ktem/",0.043875,0,MINIMAL,0,,,,,1,0.001470,0.3513,1
CVE-2025-53359,2025-07-02T16:15:29.443,,"ethereum is a common ethereum structs for Rust. Prior to ethereum crate v0.18.0, signature malleability (according to EI",0.032846,0,MINIMAL,0,,,,,1,0.000920,0.2600,1
CVE-2025-6942,2025-07-02T16:15:29.883,3.8,The distributed engine versions 8.4.39.0 and earlier of Secret Server versions 11.7.49 and earlier can be exploited duri,0.021316,0,MINIMAL,0,,,,,1,0.000200,0.0533,1
CVE-2025-6943,2025-07-02T16:15:30.060,3.8,Secret Server version 11.7 and earlier is vulnerable to a SQL report creation vulnerability that allows an administrator,0.018108,0,MINIMAL,0,,,,,1,0.000220,0.0608,1
CVE-2025-20307,2025-07-02T17:15:51.067,4.8,A vulnerability in the web-based management interface of Cisco BroadWorks CommPilot Application Software could allow an ,0.014911,0,MINIMAL,0,,,,,1,0.000560,0.1751,1
CVE-2025-20309,2025-07-02T17:15:52.927,10.0,A vulnerability in Cisco Unified Communications Manager (Unified CM) and Cisco Unified Communications Manager Session Ma,0.018036,0,MINIMAL,0,,,,,1,0.002320,0.4609,1
CVE-2025-45424,2025-07-02T17:15:53.307,5.3,Incorrect access control in Xinference before v1.4.0 allows attackers to access the Web GUI without authentication.,0.009211,0,MINIMAL,0,,,,,1,0.000910,0.2573,1
CVE-2025-45814,2025-07-02T17:15:53.557,9.8,"Missing authentication checks in the query.fcgi endpoint of NS3000 v8.1.1.125110 , v7.2.8.124852 , and v7.x and NS2000 v",0.006384,0,MINIMAL,0,,,,,1,0.001260,0.3199,1
CVE-2025-52841,2025-07-02T17:15:53.807,8.8,"Cross-Site Request Forgery (CSRF) vulnerability in Laundry on Linux, MacOS allows to perform an Account Takeover. This i",0.015163,0,MINIMAL,0,,,,,1,0.000410,0.1258,1
CVE-2025-45813,2025-07-02T18:15:24.170,9.8,ENENSYS IPGuard v2 2.10.0 was discovered to contain hardcoded credentials.,0.015386,0,MINIMAL,0,,,,,1,0.001270,0.3210,1
CVE-2025-49713,2025-07-02T18:15:24.303,8.8,Access of resource using incompatible type ('type confusion') in Microsoft Edge (Chromium-based) allows an unauthorized ,0.056619,0,MINIMAL,0,,,,,1,0.010450,0.7748,1
CVE-2025-34074,2025-07-02T20:15:29.410,,An authenticated remote code execution vulnerability exists in Lucee’s administrative interface due to insecure design i,0.070429,0,MINIMAL,0,,,,,1,0.573330,0.9815,0
CVE-2025-34075,2025-07-02T20:15:29.553,,Rejected reason: This CVE ID has been rejected or withdrawn by its CVE Numbering Authority.  Initially assigned to docum,0.079767,0,MINIMAL,0,,,,,1,,,
CVE-2025-34076,2025-07-02T20:15:29.690,7.2,An authenticated local file inclusion vulnerability exists in Microweber CMS versions <= 1.2.11 through misuse of the ba,0.023082,0,MINIMAL,0,,,,,1,0.245700,0.9612,0
CVE-2025-34078,2025-07-02T20:15:29.827,7.8,A local privilege escalation vulnerability exists in NSClient++ 0.5.2.35 when both the web interface and ExternalScripts,0.062298,0,MINIMAL,0,,,,,1,0.027710,0.8603,1
CVE-2025-34079,2025-07-02T20:15:29.963,7.8,An authenticated remote code execution vulnerability exists in NSClient++ version 0.5.2.35 when the web interface and Ex,0.061242,0,MINIMAL,0,,,,,1,0.559530,0.9809,0
CVE-2025-34090,2025-07-02T20:15:30.110,,Rejected reason: Neither filed by Chrome nor a valid security vulnerability.,0.030973,0,MINIMAL,0,,,,,1,,,
CVE-2025-34091,2025-07-02T20:15:30.260,,Rejected reason: Neither filed by Chrome nor a valid security vulnerability.,0.030973,0,MINIMAL,0,,,,,1,,,
CVE-2025-34092,2025-07-02T20:15:30.413,,Rejected reason: Neither filed by Chrome nor a valid security vulnerability.,0.030973,0,MINIMAL,0,,,,,1,,,
CVE-2025-43025,2025-07-02T20:15:30.550,7.5,HP Universal Print Driver is potentially vulnerable to denial of service due to buffer overflow in versions of UPD 7.4 o,0.058221,0,MINIMAL,0,,,,,1,0.000810,0.2395,1
CVE-2025-52559,2025-07-02T20:15:31.443,6.8,"Zulip is an open-source team chat application. From versions 2.0.0-rc1 to before 10.4 in Zulip Server, the /digest/ URL ",0.041583,0,MINIMAL,0,,,,,1,0.000590,0.1851,1
CVE-2025-52842,2025-07-02T20:15:31.727,6.1,Improper Neutralization of Input During Web Page Generation (XSS or 'Cross-site Scripting') vulnerability in Laundry on ,0.019387,0,MINIMAL,0,,,,,1,0.000590,0.1858,1
CVE-2025-5944,2025-07-03T05:15:25.330,6.4,The Element Pack Addons for Elementor plugin for WordPress is vulnerable to Stored Cross-Site Scripting via the ‘data-ca,0.032058,0,MINIMAL,0,,,,,1,0.001170,0.3060,1
CVE-2024-9017,2025-07-03T07:15:21.860,6.4,The PeepSo Core: Groups plugin for WordPress is vulnerable to Stored Cross-Site Scripting via the Group Description fiel,0.033731,0,MINIMAL,0,,,,,1,0.000530,0.1685,1
CVE-2025-38094,2025-07-03T08:15:25.490,5.5,"In the Linux kernel, the following vulnerability has been resolved:  net: cadence: macb: Fix a possible deadlock in macb",0.064878,0,MINIMAL,0,,,,,1,0.000300,0.0866,1
CVE-2025-38095,2025-07-03T08:15:26.300,5.5,"In the Linux kernel, the following vulnerability has been resolved:  dma-buf: insert memory barrier before updating num_",0.069815,0,MINIMAL,0,,,,,1,0.000440,0.1356,1
CVE-2025-38096,2025-07-03T09:15:22.913,5.5,"In the Linux kernel, the following vulnerability has been resolved:  wifi: iwlwifi: don't warn when if there is a FW err",0.021129,0,MINIMAL,0,,,,,1,0.000160,0.0353,1
CVE-2025-38097,2025-07-03T09:15:23.030,5.5,"In the Linux kernel, the following vulnerability has been resolved:  espintcp: remove encap socket caching to avoid refe",0.032233,0,MINIMAL,0,,,,,1,0.000380,0.1135,1
CVE-2025-38098,2025-07-03T09:15:23.173,5.5,"In the Linux kernel, the following vulnerability has been resolved:  drm/amd/display: Don't treat wb connector as physic",0.021058,0,MINIMAL,0,,,,,1,0.000180,0.0476,1
CVE-2025-38099,2025-07-03T09:15:23.307,5.5,"In the Linux kernel, the following vulnerability has been resolved:  Bluetooth: Disable SCO support if READ_VOICE_SETTIN",0.013010,0,MINIMAL,0,,,,,1,0.000160,0.0353,1
CVE-2025-38100,2025-07-03T09:15:23.437,5.5,"In the Linux kernel, the following vulnerability has been resolved:  x86/iopl: Cure TIF_IO_BITMAP inconsistencies  io_bi",0.097982,0,MINIMAL,0,,,,,1,0.000390,0.1177,1
CVE-2025-38101,2025-07-03T09:15:23.573,7.8,"In the Linux kernel, the following vulnerability has been resolved:  ring-buffer: Fix buffer locking in ring_buffer_subb",0.027287,0,MINIMAL,0,,,,,1,0.000190,0.0520,1
CVE-2025-38102,2025-07-03T09:15:23.710,7.0,"In the Linux kernel, the following vulnerability has been resolved:  VMCI: fix race between vmci_host_setup_notify and v",0.029493,0,MINIMAL,0,,,,,1,0.000240,0.0642,1
CVE-2025-38103,2025-07-03T09:15:23.847,7.1,"In the Linux kernel, the following vulnerability has been resolved:  HID: usbhid: Eliminate recurrent out-of-bounds bug ",0.070810,0,MINIMAL,0,,,,,1,0.000300,0.0875,1
CVE-2025-38105,2025-07-03T09:15:23.997,5.5,"In the Linux kernel, the following vulnerability has been resolved:  ALSA: usb-audio: Kill timer properly at removal  Th",0.047060,0,MINIMAL,0,,,,,1,0.000270,0.0770,1
CVE-2025-38106,2025-07-03T09:15:24.123,7.8,"In the Linux kernel, the following vulnerability has been resolved:  io_uring: fix use-after-free of sq->thread in __io_",0.050955,0,MINIMAL,0,,,,,1,0.000190,0.0520,1
CVE-2025-38107,2025-07-03T09:15:24.273,7.0,"In the Linux kernel, the following vulnerability has been resolved:  net_sched: ets: fix a race in ets_qdisc_change()  G",0.040848,0,MINIMAL,0,,,,,1,0.000240,0.0642,1
CVE-2025-38108,2025-07-03T09:15:24.413,7.0,"In the Linux kernel, the following vulnerability has been resolved:  net_sched: red: fix a race in __red_change()  Gerra",0.039455,0,MINIMAL,0,,,,,1,0.000240,0.0642,1
CVE-2025-38109,2025-07-03T09:15:24.553,7.8,"In the Linux kernel, the following vulnerability has been resolved:  net/mlx5: Fix ECVF vports unload on shutdown flow  ",0.025941,0,MINIMAL,0,,,,,1,0.000260,0.0728,1
CVE-2025-38110,2025-07-03T09:15:24.680,7.1,"In the Linux kernel, the following vulnerability has been resolved:  net/mdiobus: Fix potential out-of-bounds clause 45 ",0.080850,0,MINIMAL,0,,,,,1,0.000250,0.0693,1
CVE-2025-38111,2025-07-03T09:15:24.810,7.1,"In the Linux kernel, the following vulnerability has been resolved:  net/mdiobus: Fix potential out-of-bounds read/write",0.048672,0,MINIMAL,0,,,,,1,0.000300,0.0875,1
CVE-2025-38112,2025-07-03T09:15:24.960,4.7,"In the Linux kernel, the following vulnerability has been resolved:  net: Fix TOCTOU issue in sk_is_readable()  sk->sk_p",0.044117,0,MINIMAL,0,,,,,1,0.000340,0.1010,1
CVE-2025-38113,2025-07-03T09:15:25.103,5.5,"In the Linux kernel, the following vulnerability has been resolved:  ACPI: CPPC: Fix NULL pointer dereference when nosmp",0.059278,0,MINIMAL,0,,,,,1,0.000380,0.1135,1
CVE-2025-38114,2025-07-03T09:15:25.227,5.5,"In the Linux kernel, the following vulnerability has been resolved:  e1000: Move cancel_work_sync to avoid deadlock  Pre",0.026358,0,MINIMAL,0,,,,,1,0.000210,0.0578,1
CVE-2025-38115,2025-07-03T09:15:25.350,5.5,"In the Linux kernel, the following vulnerability has been resolved:  net_sched: sch_sfq: fix a potential crash on gso_sk",0.129145,0,MINIMAL,0,,,,,1,0.000440,0.1356,1
CVE-2025-38116,2025-07-03T09:15:25.490,7.8,"In the Linux kernel, the following vulnerability has been resolved:  wifi: ath12k: fix uaf in ath12k_core_init()  When t",0.032088,0,MINIMAL,0,,,,,1,0.000300,0.0869,1
CVE-2025-38117,2025-07-03T09:15:25.617,7.8,"In the Linux kernel, the following vulnerability has been resolved:  Bluetooth: MGMT: Protect mgmt_pending list with its",0.035886,0,MINIMAL,0,,,,,1,0.000250,0.0693,1
CVE-2025-38118,2025-07-03T09:15:25.757,7.8,"In the Linux kernel, the following vulnerability has been resolved:  Bluetooth: MGMT: Fix UAF on mgmt_remove_adv_monitor",0.045188,0,MINIMAL,0,,,,,1,0.000260,0.0730,1
CVE-2025-38119,2025-07-03T09:15:25.903,5.5,"In the Linux kernel, the following vulnerability has been resolved:  scsi: core: ufs: Fix a hang in the error handler  u",0.021906,0,MINIMAL,0,,,,,1,0.000460,0.1436,1
CVE-2025-38120,2025-07-03T09:15:26.037,5.5,"In the Linux kernel, the following vulnerability has been resolved:  netfilter: nf_set_pipapo_avx2: fix initial map fill",0.033303,0,MINIMAL,0,,,,,1,0.000460,0.1436,1
CVE-2025-38121,2025-07-03T09:15:26.170,5.5,"In the Linux kernel, the following vulnerability has been resolved:  wifi: iwlwifi: mld: avoid panic on init failure  In",0.046428,0,MINIMAL,0,,,,,1,0.000270,0.0776,1
CVE-2025-38122,2025-07-03T09:15:26.297,5.5,"In the Linux kernel, the following vulnerability has been resolved:  gve: add missing NULL check for gve_alloc_pending_p",0.054878,0,MINIMAL,0,,,,,1,0.000380,0.1135,1
CVE-2025-38123,2025-07-03T09:15:26.427,5.5,"In the Linux kernel, the following vulnerability has been resolved:  net: wwan: t7xx: Fix napi rx poll issue  When drive",0.073683,0,MINIMAL,0,,,,,1,0.000240,0.0643,1
CVE-2025-38124,2025-07-03T09:15:26.547,5.5,"In the Linux kernel, the following vulnerability has been resolved:  net: fix udp gso skb_segment after pull from frag_l",0.098672,0,MINIMAL,0,,,,,1,0.000380,0.1135,1
CVE-2025-38125,2025-07-03T09:15:26.680,5.5,"In the Linux kernel, the following vulnerability has been resolved:  net: stmmac: make sure that ptp_rate is not 0 befor",0.019563,0,MINIMAL,0,,,,,1,0.000370,0.1109,1
CVE-2025-38126,2025-07-03T09:15:26.800,5.5,"In the Linux kernel, the following vulnerability has been resolved:  net: stmmac: make sure that ptp_rate is not 0 befor",0.061404,0,MINIMAL,0,,,,,1,0.000380,0.1135,1
CVE-2025-38127,2025-07-03T09:15:26.923,5.5,"In the Linux kernel, the following vulnerability has been resolved:  ice: fix Tx scheduler error handling in XDP callbac",0.056745,0,MINIMAL,0,,,,,1,0.000240,0.0658,1
CVE-2025-38128,2025-07-03T09:15:27.043,5.5,"In the Linux kernel, the following vulnerability has been resolved:  Bluetooth: MGMT: reject malformed HCI_CMD_SYNC comm",0.011567,0,MINIMAL,0,,,,,1,0.000270,0.0776,1
CVE-2025-38129,2025-07-03T09:15:27.170,7.8,"In the Linux kernel, the following vulnerability has been resolved:  page_pool: Fix use-after-free in page_pool_recycle_",0.068168,0,MINIMAL,0,,,,,1,0.000240,0.0638,1
CVE-2025-38130,2025-07-03T09:15:27.303,5.5,"In the Linux kernel, the following vulnerability has been resolved:  drm/connector: only call HDMI audio helper plugged ",0.028108,0,MINIMAL,0,,,,,1,0.000270,0.0776,1
CVE-2025-38131,2025-07-03T09:15:27.430,7.8,"In the Linux kernel, the following vulnerability has been resolved:  coresight: prevent deactivate active config while e",0.026043,0,MINIMAL,0,,,,,1,0.000260,0.0730,1
CVE-2025-38132,2025-07-03T09:15:27.563,5.5,"In the Linux kernel, the following vulnerability has been resolved:  coresight: holding cscfg_csdev_lock while removing ",0.008946,0,MINIMAL,0,,,,,1,0.000340,0.1003,1
CVE-2025-38133,2025-07-03T09:15:27.697,7.8,"In the Linux kernel, the following vulnerability has been resolved:  iio: adc: ad4851: fix ad4858 chan pointer handling ",0.029292,0,MINIMAL,0,,,,,1,0.000340,0.1000,1
CVE-2025-38134,2025-07-03T09:15:27.837,5.5,"In the Linux kernel, the following vulnerability has been resolved:  usb: acpi: Prevent null pointer dereference in usb_",0.036504,0,MINIMAL,0,,,,,1,0.000180,0.0476,1
CVE-2025-38135,2025-07-03T09:15:27.963,5.5,"In the Linux kernel, the following vulnerability has been resolved:  serial: Fix potential null-ptr-deref in mlb_usio_pr",0.061683,0,MINIMAL,0,,,,,1,0.000440,0.1356,1
CVE-2025-38136,2025-07-03T09:15:28.097,5.5,"In the Linux kernel, the following vulnerability has been resolved:  usb: renesas_usbhs: Reorder clock handling and powe",0.109475,0,MINIMAL,0,,,,,1,0.000440,0.1356,1
CVE-2025-38137,2025-07-03T09:15:28.240,7.8,"In the Linux kernel, the following vulnerability has been resolved:  PCI/pwrctrl: Cancel outstanding rescan work when un",0.024686,0,MINIMAL,0,,,,,1,0.000290,0.0815,1
CVE-2025-38138,2025-07-03T09:15:28.360,5.5,"In the Linux kernel, the following vulnerability has been resolved:  dmaengine: ti: Add NULL check in udma_probe()  devm",0.039082,0,MINIMAL,0,,,,,1,0.000590,0.1854,1
CVE-2025-38139,2025-07-03T09:15:28.500,7.1,"In the Linux kernel, the following vulnerability has been resolved:  netfs: Fix oops in write-retry from mis-resetting t",0.052512,0,MINIMAL,0,,,,,1,0.000230,0.0617,1
CVE-2025-38140,2025-07-03T09:15:28.617,5.5,"In the Linux kernel, the following vulnerability has been resolved:  dm: limit swapping tables for devices with zone wri",0.021224,0,MINIMAL,0,,,,,1,0.000340,0.1003,1
CVE-2025-38141,2025-07-03T09:15:28.740,7.8,"In the Linux kernel, the following vulnerability has been resolved:  dm: fix dm_blk_report_zones  If dm_get_live_table()",0.043262,0,MINIMAL,0,,,,,1,0.000190,0.0520,1
CVE-2025-38142,2025-07-03T09:15:28.883,5.5,"In the Linux kernel, the following vulnerability has been resolved:  hwmon: (asus-ec-sensors) check sensor index in read",0.081946,0,MINIMAL,0,,,,,1,0.000240,0.0659,1
CVE-2025-38143,2025-07-03T09:15:29.017,5.5,"In the Linux kernel, the following vulnerability has been resolved:  backlight: pm8941: Add NULL check in wled_configure",0.044003,0,MINIMAL,0,,,,,1,0.000590,0.1854,1
CVE-2025-38144,2025-07-03T09:15:29.150,5.5,"In the Linux kernel, the following vulnerability has been resolved:  watchdog: lenovo_se30_wdt: Fix possible devm_iorema",0.021926,0,MINIMAL,0,,,,,1,0.000270,0.0776,1
CVE-2025-38145,2025-07-03T09:15:29.273,5.5,"In the Linux kernel, the following vulnerability has been resolved:  soc: aspeed: Add NULL check in aspeed_lpc_enable_sn",0.073062,0,MINIMAL,0,,,,,1,0.000590,0.1854,1
CVE-2025-38146,2025-07-03T09:15:29.410,7.8,"In the Linux kernel, the following vulnerability has been resolved:  net: openvswitch: Fix the dead loop of MPLS parse  ",0.037152,0,MINIMAL,0,,,,,1,0.000300,0.0875,1
CVE-2025-38147,2025-07-03T09:15:29.557,5.5,"In the Linux kernel, the following vulnerability has been resolved:  calipso: Don't call calipso functions for AF_INET s",0.094433,0,MINIMAL,0,,,,,1,0.000440,0.1356,1
CVE-2025-38148,2025-07-03T09:15:29.703,5.5,"In the Linux kernel, the following vulnerability has been resolved:  net: phy: mscc: Fix memory leak when using one step",0.037586,0,MINIMAL,0,,,,,1,0.000380,0.1135,1
CVE-2025-38149,2025-07-03T09:15:29.830,5.5,"In the Linux kernel, the following vulnerability has been resolved:  net: phy: clear phydev->devlink when the link is de",0.027837,0,MINIMAL,0,,,,,1,0.000240,0.0658,1
CVE-2025-38150,2025-07-03T09:15:29.960,5.5,"In the Linux kernel, the following vulnerability has been resolved:  af_packet: move notifier's packet_dev_mc out of rcu",0.042732,0,MINIMAL,0,,,,,1,0.000210,0.0578,1
CVE-2025-38151,2025-07-03T09:15:30.093,5.5,"In the Linux kernel, the following vulnerability has been resolved:  RDMA/cma: Fix hang when cma_netevent_callback fails",0.036530,0,MINIMAL,0,,,,,1,0.000380,0.1135,1
CVE-2025-38153,2025-07-03T09:15:30.230,7.1,"In the Linux kernel, the following vulnerability has been resolved:  net: usb: aqc111: fix error handling of usbnet read",0.074300,0,MINIMAL,0,,,,,1,0.000300,0.0875,1
CVE-2025-38154,2025-07-03T09:15:30.363,7.8,"In the Linux kernel, the following vulnerability has been resolved:  bpf, sockmap: Avoid using sk_socket after free when",0.049837,0,MINIMAL,0,,,,,1,0.000260,0.0730,1
CVE-2025-38155,2025-07-03T09:15:30.497,5.5,"In the Linux kernel, the following vulnerability has been resolved:  wifi: mt76: mt7915: Fix null-ptr-deref in mt7915_mm",0.025057,0,MINIMAL,0,,,,,1,0.000240,0.0658,1
CVE-2025-38156,2025-07-03T09:15:30.620,5.5,"In the Linux kernel, the following vulnerability has been resolved:  wifi: mt76: mt7996: Fix null-ptr-deref in mt7996_mm",0.030729,0,MINIMAL,0,,,,,1,0.000180,0.0476,1
CVE-2025-38157,2025-07-03T09:15:30.757,7.8,"In the Linux kernel, the following vulnerability has been resolved:  wifi: ath9k_htc: Abort software beacon handling if ",0.040267,0,MINIMAL,0,,,,,1,0.000300,0.0875,1
CVE-2025-38158,2025-07-03T09:15:30.890,5.5,"In the Linux kernel, the following vulnerability has been resolved:  hisi_acc_vfio_pci: fix XQE dma address error  The d",0.032762,0,MINIMAL,0,,,,,1,0.000240,0.0638,1
CVE-2025-38159,2025-07-03T09:15:31.163,7.1,"In the Linux kernel, the following vulnerability has been resolved:  wifi: rtw88: fix the 'para' buffer size to avoid re",0.032946,0,MINIMAL,0,,,,,1,0.000260,0.0730,1
CVE-2025-38160,2025-07-03T09:15:31.327,5.5,"In the Linux kernel, the following vulnerability has been resolved:  clk: bcm: rpi: Add NULL check in raspberrypi_clk_re",0.061178,0,MINIMAL,0,,,,,1,0.000590,0.1854,1
CVE-2025-38161,2025-07-03T09:15:31.490,5.5,"In the Linux kernel, the following vulnerability has been resolved:  RDMA/mlx5: Fix error flow upon firmware failure for",0.073891,0,MINIMAL,0,,,,,1,0.000440,0.1356,1
CVE-2025-38162,2025-07-03T09:15:31.617,5.5,"In the Linux kernel, the following vulnerability has been resolved:  netfilter: nft_set_pipapo: prevent overflow in look",0.028781,0,MINIMAL,0,,,,,1,0.000250,0.0707,1
CVE-2025-38163,2025-07-03T09:15:31.727,5.5,"In the Linux kernel, the following vulnerability has been resolved:  f2fs: fix to do sanity check on sbi->total_valid_bl",0.061967,0,MINIMAL,0,,,,,1,0.000390,0.1177,1
CVE-2025-38164,2025-07-03T09:15:31.863,5.5,"In the Linux kernel, the following vulnerability has been resolved:  f2fs: zone: fix to avoid inconsistence in between S",0.036907,0,MINIMAL,0,,,,,1,0.000240,0.0658,1
CVE-2025-38165,2025-07-03T09:15:31.990,5.5,"In the Linux kernel, the following vulnerability has been resolved:  bpf, sockmap: Fix panic when calling skb_linearize ",0.068721,0,MINIMAL,0,,,,,1,0.000370,0.1112,1
CVE-2025-38166,2025-07-03T09:15:32.120,5.5,"In the Linux kernel, the following vulnerability has been resolved:  bpf: fix ktls panic with sockmap  [ 2172.936997] --",0.078974,0,MINIMAL,0,,,,,1,0.000510,0.1596,1
CVE-2025-38167,2025-07-03T09:15:32.243,5.5,"In the Linux kernel, the following vulnerability has been resolved:  fs/ntfs3: handle hdr_first_de() return value  The h",0.054023,0,MINIMAL,0,,,,,1,0.000380,0.1135,1
CVE-2025-38168,2025-07-03T09:15:32.377,5.5,"In the Linux kernel, the following vulnerability has been resolved:  perf: arm-ni: Unregister PMUs on probe failure  Whe",0.021165,0,MINIMAL,0,,,,,1,0.000180,0.0476,1
CVE-2025-38169,2025-07-03T09:15:32.517,5.5,"In the Linux kernel, the following vulnerability has been resolved:  arm64/fpsimd: Avoid clobbering kernel FPSIMD state ",0.032857,0,MINIMAL,0,,,,,1,0.000180,0.0476,1
CVE-2025-38170,2025-07-03T09:15:32.643,5.5,"In the Linux kernel, the following vulnerability has been resolved:  arm64/fpsimd: Discard stale CPU state when handling",0.046183,0,MINIMAL,0,,,,,1,0.000370,0.1112,1
CVE-2025-38171,2025-07-03T09:15:32.787,5.5,"In the Linux kernel, the following vulnerability has been resolved:  power: supply: max77705: Fix workqueue error handli",0.030075,0,MINIMAL,0,,,,,1,0.000270,0.0776,1
CVE-2025-38172,2025-07-03T09:15:32.910,7.8,"In the Linux kernel, the following vulnerability has been resolved:  erofs: avoid using multiple devices with different ",0.015617,0,MINIMAL,0,,,,,1,0.000190,0.0520,1
CVE-2025-38173,2025-07-03T09:15:33.050,5.5,"In the Linux kernel, the following vulnerability has been resolved:  crypto: marvell/cesa - Handle zero-length skcipher ",0.028555,0,MINIMAL,0,,,,,1,0.000440,0.1356,1
CVE-2024-5647,2025-07-03T10:15:34.527,6.4,Multiple plugins for WordPress are vulnerable to Stored Cross-Site Scripting via the plugin's bundled Magnific Popups li,0.051764,0,MINIMAL,0,,,,,1,0.001100,0.2940,1
CVE-2025-0885,2025-07-03T10:15:36.583,,Incorrect Authorization vulnerability in OpenText™ GroupWise allows Exploiting Incorrectly Configured Access Control Sec,0.025687,0,MINIMAL,0,,,,,1,0.000300,0.0861,1
CVE-2025-6587,2025-07-03T10:15:37.773,,"System environment variables are recorded in Docker Desktop diagnostic logs, when using shell auto-completion. This lead",0.092802,0,MINIMAL,0,,,,,1,0.000380,0.1155,1
CVE-2025-1708,2025-07-03T12:15:21.810,8.6,The application is vulnerable to SQL injection attacks. An attacker is able to dump the PostgreSQL database and read its,0.010791,0,MINIMAL,0,,,,,1,0.001140,0.3006,1
CVE-2025-1709,2025-07-03T12:15:21.997,6.5,Several credentials for the local PostgreSQL database are stored in plain text (partially base64 encoded).,0.047905,0,MINIMAL,0,,,,,1,0.001180,0.3075,1
CVE-2025-1710,2025-07-03T12:15:22.137,7.5,The maxView Storage Manager does not implement sufficient measures to prevent multiple failed authentication attempts wi,0.014219,0,MINIMAL,0,,,,,1,0.001680,0.3796,1
CVE-2025-1711,2025-07-03T12:15:22.270,4.3,Multiple services of the DUT as well as different scopes of the same service reuse the same credentials.,0.025439,0,MINIMAL,0,,,,,1,0.001700,0.3826,1
CVE-2025-27447,2025-07-03T12:15:22.407,7.4,"The web application is susceptible to cross-site-scripting attacks. An attacker can create a prepared URL, which injects",0.015423,0,MINIMAL,0,,,,,1,0.001160,0.3032,1
CVE-2025-27448,2025-07-03T12:15:22.547,6.8,The web application is susceptible to cross-site-scripting attacks. An attacker who can create new dashboards can inject,0.033605,0,MINIMAL,0,,,,,1,0.001050,0.2865,1
CVE-2025-27449,2025-07-03T12:15:22.687,7.5,The MEAC300-FNADE4 does not implement sufficient measures to prevent multiple failed authentication attempts within a sh,0.016158,0,MINIMAL,0,,,,,1,0.001680,0.3796,1
CVE-2025-27450,2025-07-03T12:15:22.817,6.5,The Secure attribute is missing on multiple cookies provided by the MEAC300-FNADE4. An attacker can trick a user to esta,0.010002,0,MINIMAL,0,,,,,1,0.000620,0.1930,1
CVE-2025-27451,2025-07-03T12:15:22.960,5.3,"For failed login attempts, the application returns different error messages depending on whether the login failed due to",0.008183,0,MINIMAL,0,,,,,1,0.001500,0.3564,1
CVE-2025-27452,2025-07-03T12:15:23.100,5.3,"The configuration of the Apache httpd webserver which serves the MEAC300-FNADE4 web application, is partly insecure. The",0.027228,0,MINIMAL,0,,,,,1,0.001550,0.3626,1
CVE-2025-27453,2025-07-03T12:15:23.240,5.3,"The HttpOnly flag is set to false on the PHPSESSION cookie. Therefore, the cookie can be accessed by other sources such ",0.030850,0,MINIMAL,0,,,,,1,0.000990,0.2765,1
CVE-2025-27454,2025-07-03T12:15:23.380,4.3,"The application is vulnerable to cross-site request forgery. An attacker can trick a valid, logged in user into submitti",0.016880,0,MINIMAL,0,,,,,1,0.000560,0.1760,1
CVE-2025-27455,2025-07-03T12:15:23.520,4.3,"The web application is vulnerable to clickjacking attacks. The site can be embedded into another frame, allowing an atta",0.036311,0,MINIMAL,0,,,,,1,0.000910,0.2574,1
CVE-2025-27456,2025-07-03T12:15:23.660,7.5,The SMB server's login mechanism does not implement sufficient measures to prevent multiple failed authentication attemp,0.009982,0,MINIMAL,0,,,,,1,0.001680,0.3796,1
CVE-2025-27457,2025-07-03T12:15:23.790,6.5,All communication between the VNC server and client(s) is unencrypted. This allows an attacker to intercept the traffic ,0.010281,0,MINIMAL,0,,,,,1,0.000620,0.1930,1
CVE-2025-27458,2025-07-03T12:15:23.917,6.5,The VNC authentication mechanism bases on a challenge-response system where both server and client use the same password,0.030432,0,MINIMAL,0,,,,,1,0.000410,0.1242,1
CVE-2025-27459,2025-07-03T12:15:24.053,4.4,"The VNC application stores its passwords encrypted within the registry but uses DES for encryption. As DES is broken, th",0.021281,0,MINIMAL,0,,,,,1,0.000590,0.1862,1
CVE-2025-27460,2025-07-03T12:15:24.203,7.6,The hard drives of the device are not encrypted using a full volume encryption feature such as BitLocker. This allows an,0.017946,0,MINIMAL,0,,,,,1,0.000480,0.1502,1
CVE-2025-27461,2025-07-03T12:15:24.350,7.6,"During startup, the device automatically logs in the EPC2 Windows user without requesting a password.",0.010987,0,MINIMAL,0,,,,,1,0.001230,0.3147,1
CVE-2025-2540,2025-07-03T12:15:24.483,6.4,Multiple plugins for WordPress are vulnerable to Stored Cross-Site Scripting via the plugin's bundled prettyPhoto librar,0.035993,0,MINIMAL,0,,,,,1,0.001470,0.3510,1
CVE-2025-40722,2025-07-03T12:15:24.777,,"Stored Cross-Site Scripting (XSS) vulnerability in versions prior to Flatboard 3.2.2 of Flatboard Pro, consisting of a s",0.048717,0,MINIMAL,0,,,,,1,0.000880,0.2518,1
CVE-2025-40723,2025-07-03T12:15:24.933,,"Stored Cross-Site Scripting (XSS) vulnerability in versions prior to Flatboard 3.2.2 of Flatboard Pro, consisting of a s",0.054057,0,MINIMAL,0,,,,,1,0.000880,0.2518,1
CVE-2025-6563,2025-07-03T12:15:25.077,,A cross-site scripting vulnerability is present in the hotspot of MikroTik's RouterOS on versions below 7.19.2. An attac,0.062825,0,MINIMAL,0,,,,,1,0.004380,0.6313,1
CVE-2025-2537,2025-07-03T13:15:27.337,6.4,Multiple plugins for WordPress are vulnerable to Stored Cross-Site Scripting via the plugin's bundled ThickBox JavaScrip,0.033590,0,MINIMAL,0,,,,,1,0.000740,0.2245,1
CVE-2025-2932,2025-07-03T13:15:28.220,8.8,The JKDEVKIT plugin for WordPress is vulnerable to arbitrary file deletion due to insufficient file path validation in t,0.027906,0,MINIMAL,0,,,,,1,0.012720,0.7953,1
CVE-2025-3702,2025-07-03T13:15:28.387,,Missing Authorization vulnerability in Melapress Melapress File Monitor website-file-changes-monitor allows Exploiting I,0.005717,0,MINIMAL,0,,,,,1,0.000340,0.0993,1
CVE-2025-49032,2025-07-03T13:15:28.540,,Improper Neutralization of Input During Web Page Generation ('Cross-site Scripting') vulnerability in PublishPress Guten,0.014305,0,MINIMAL,0,,,,,1,0.000510,0.1580,1
CVE-2025-49595,2025-07-03T13:15:28.690,4.9,"n8n is a workflow automation platform. Prior to version 1.99.0, there is a denial of Service vulnerability in /rest/bina",0.015309,0,MINIMAL,0,,,,,1,0.000800,0.2359,1
CVE-2025-49618,2025-07-03T13:15:28.860,5.8,"In Plesk Obsidian 18.0.69, unauthenticated requests to /login_up.php can reveal an AWS accessKeyId, secretAccessKey, reg",0.008350,0,MINIMAL,0,,,,,1,0.001020,0.2812,1
CVE-2025-43713,2025-07-03T14:15:29.820,6.5,ASNA Assist and ASNA Registrar before 2025-03-31 allow deserialization attacks against .NET remoting. These are Windows ,0.121143,0,MINIMAL,0,,,,,1,0.003050,0.5376,1
CVE-2025-50258,2025-07-03T14:15:30.877,8.1,Tenda AC6 v15.03.05.16_multi is vulnerable to Buffer Overflow in the SetSysTimeCfg function via the time parameter.,0.004220,0,MINIMAL,0,,,,,1,0.001100,0.2942,1
CVE-2025-50260,2025-07-03T14:15:31.063,7.5,Tenda AC6 v15.03.05.16_multi is vulnerable to Buffer Overflow in the formSetFirewallCfg function via the firewallEn para,0.007964,0,MINIMAL,0,,,,,1,0.001300,0.3250,1
CVE-2025-50262,2025-07-03T14:15:31.327,7.5,Tenda AC6 v15.03.05.16_multi is vulnerable to Buffer Overflow in the formSetQosBand function via the list parameter.,0.018593,0,MINIMAL,0,,,,,1,0.001300,0.3250,1
CVE-2025-50263,2025-07-03T14:15:32.923,8.1,Tenda AC6 v15.03.05.16_multi is vulnerable to Buffer Overflow in the fromSetRouteStatic function via the list parameter.,0.016008,0,MINIMAL,0,,,,,1,0.001100,0.2942,1
CVE-2025-5961,2025-07-03T14:15:33.523,7.2,"The Migration, Backup, Staging – WPvivid Backup & Migration plugin for WordPress is vulnerable to arbitrary file uploads",0.037314,0,MINIMAL,0,,,,,1,0.015350,0.8133,1
CVE-2025-45938,2025-07-03T15:15:22.937,5.4,Akeles Out of Office Assistant for Jira 4.0.1 is vulberable to Cross Site Scripting (XSS) via the Jira fullName paramete,0.043153,0,MINIMAL,0,,,,,1,0.000430,0.1305,1
